variable;width;initialPos;finalPos;type;valueRegEx;description
CCAA;2;1;2;char;[01][0-9];Comunidad Autónoma de residencia
IDENTHOGAR;8;3;10;char;[0-9]{8};Número de identificación del hogar: Sección + Vivienda + Hogar
A7_2a;2;11;12;char;(0[1-9])|(1[0-5]);Número de orden del adulto seleccionado
SEXOa;1;13;13;char;1|2;Identificación del adulto seleccionado: Sexo
EDADa;3;14;16;char;(01[5-9])|(0[2-9][0-9])|(1[01][0-9])|(120);Identificación del adulto seleccionado: Edad
ACTIVa;1;17;17;char;[1-8];Identificación del adulto seleccionado: Actividad económica actual
PROXY_0;1;18;18;char;1|2;¿El informante es la persona seleccionada?
PROXY_1;1;19;19;char;1|2|3|[ ]*;Informante proxy: ¿Cuál es el motivo por el que la persona seleccionada no facilita sus datos?
PROXY_2;1;20;20;char;1|2|[ ]*;Informante proxy: ¿Es miembro del hogar el informante?
PROXY_2b;2;21;22;char;(0[1-9])|(1[0-5])|(5[1-9])|(6[0-5])|[ ]*;Informante proxy: Número de orden del miembro del hogar
PROXY_3b;1;23;23;char;1|2|[ ]*;Informante proxy: Sexo del informante
PROXY_4;3;24;26;char;(1[8-9])|([2-9][0-9])|(1[0-1][0-9])|(120)|[ ]*;Informante proxy: Edad del informante
PROXY_5;1;27;27;char;[1-8]|[ ]*;Informante proxy: Relación del informante con el adulto seleccionado
E1_1;1;28;28;char;1|2|8|9;País de nacimiento
E2_1a;1;29;29;char;1|2;Nacionalidad: Española
E2_1b;1;30;30;char;1|2;Nacionalidad: Extranjera
E2_1c;1;31;31;char;1|2;Nacionalidad: No sabe
E2_1d;1;32;32;char;1|2;Nacionalidad: No contesta
E3;2;33;34;char;[0-9]{2}|[ ]*;Años residiendo en España
E4;1;35;35;char;1|2|3|8|9;Convivencia en pareja
E4b;1;36;36;char;1|2|3|4|5|8|9;Estado civil
NIVEST;2;37;38;char;(0[1-9])|(98)|(99)|[ ]*;Nivel de estudios del adulto seleccionado
F6;1;39;39;char;1|2|3|4|8|9|[ ]*;Adulto seleccionado: ¿Percibe pensión contributiva?
F7;1;40;40;char;1|2|8|9|[ ]*;Adulto seleccionado: ¿Ha trabajado antes?
F8_2;3;41;43;char;;Persona que generó la pensión: Actividad de la empresa en la que trabajó (código CNAE2009, 3 dígitos)
F9_2;3;44;46;char;;Persona que generó la pensión: Ocupación, profesión u oficio (código CNO2011, 3 dígitos)
F10;1;47;47;char;[1-6]|8|9|[ ]*;Persona que generó la pensión: Situación profesional en la ocupación que desempeñó
F11;1;48;48;char;[1-5]|8|9|[ ]*;Adulto seleccionado: Tiempo que lleva desempleado
F12;1;49;49;char;1|2|8|9|[ ]*;Adulto seleccionado: ¿Ha trabajado antes?
F13;2;50;51;char;(0[1-9])|(98)|(99)|[ ]*;Adulto seleccionado: Tipo de contrato o relación laboral
F14a;1;52;52;char;([1-5])|8|9|[ ]*;Adulto seleccionado: Duración del contrato
F14b;1;53;53;char;([1-5])|8|9|[ ]*;Adulto seleccionado: Duración de la relación laboral
F15;1;54;54;char;([1-5])|8|9|[ ]*;Adulto seleccionado: Número de trabajadores a su cargo
F16;1;55;55;char;([1-2])|8|9|[ ]*;Adulto seleccionado: Trabajo a tiempo completo / tiempo parcial
F17;2;56;57;char;(0[1-8])|(98)|(99)|[ ]*;Adulto seleccionado: Tipo de jornada en su trabajo principal actual
F18a_2;3;58;60;char;;Adulto seleccionado: Actividad de la empresa en la que trabaja (código CNAE2009, 3 dígitos)
F18b_2;3;61;63;char;;Adulto seleccionado: Actividad de la empresa en la que trabajó (código CNAE2009, 3 dígitos)
F19a_2;3;64;66;char;;Adulto seleccionado: Ocupación, profesión u oficio actual (código CNO2011, 3 dígitos)
F19b_2;3;67;69;char;;Adulto seleccionado: Última ocupación, profesión u oficio (código CNO2011, 3 dígitos)
F20;1;70;70;char;[1-6]|8|9|[ ]*;Adulto seleccionado: Situación profesional que desempeñó en su último empleo
G21;1;71;71;char;[1-5];Estado de salud percibido en los últimos 12 meses
G22;1;72;72;char;[1-2]|8|9;Enfermedad o problema de salud crónicos o de larga duración
G23;1;73;73;char;[1-3]|8|9;Grado de limitación durante al menos 6 meses por un problema de salud
G24;1;74;74;char;[1-3]|8|9|[ ]*;Tipo de problema que causa la dificultad
G25a_1;1;75;75;char;[1-2]|8|9;Ha padecido alguna vez: Tensión alta
G25b_1;1;76;76;char;[1-2]|8|9|[ ]*;Ha padecido en los últimos 12 meses: Tensión alta
G25c_1;1;77;77;char;[1-2]|8|9|[ ]*;Diagnóstico médico: Tensión alta
G25a_2;1;78;78;char;[1-2]|8|9;Ha padecido alguna vez: Infarto de miocardio
G25b_2;1;79;79;char;[1-2]|8|9|[ ]*;Ha padecido en los últimos 12 meses: Infarto de miocardio
G25c_2;1;80;80;char;[1-2]|8|9|[ ]*;Diagnóstico médico: Infarto de miocardio
G25a_3;1;81;81;char;[1-2]|8|9;Ha padecido alguna vez: Angina de pecho, enfermedad coronaria
G25b_3;1;82;82;char;[1-2]|8|9|[ ]*;Ha padecido en los últimos 12 meses: Angina de pecho, enfermedad coronaria
G25c_3;1;83;83;char;[1-2]|8|9|[ ]*;Diagnóstico médico: Angina de pecho, enfermedad coronaria
G25a_4;1;84;84;char;[1-2]|8|9;Ha padecido alguna vez: Otras enfermedades del corazón
G25b_4;1;85;85;char;[1-2]|8|9|[ ]*;Ha padecido en los últimos 12 meses: Otras enfermedades del corazón
G25c_4;1;86;86;char;[1-2]|8|9|[ ]*;Diagnóstico médico: Otras enfermedades del corazón
G25a_5;1;87;87;char;[1-2]|8|9;Ha padecido alguna vez: Varices en las piernas
G25b_5;1;88;88;char;[1-2]|8|9|[ ]*;Ha padecido en los últimos 12 meses: Varices en las piernas
G25c_5;1;89;89;char;[1-2]|8|9|[ ]*;Diagnóstico médico: Varices en las piernas
G25a_6;1;90;90;char;[1-2]|8|9;Ha padecido alguna vez: Artrosis (excluyendo artritis)
G25b_6;1;91;91;char;[1-2]|8|9|[ ]*;Ha padecido en los últimos 12 meses: Artrosis (excluyendo artritis)
G25c_6;1;92;92;char;[1-2]|8|9|[ ]*;Diagnóstico médico: Artrosis (excluyendo artritis)
G25a_7;1;93;93;char;[1-2]|8|9;Ha padecido alguna vez: Dolor de espalda crónico (cervical)
G25b_7;1;94;94;char;[1-2]|8|9|[ ]*;Ha padecido en los últimos 12 meses: Dolor de espalda crónico (cervical)
G25c_7;1;95;95;char;[1-2]|8|9|[ ]*;Diagnóstico médico: Dolor de espalda crónico (cervical)
G25a_8;1;96;96;char;[1-2]|8|9;Ha padecido alguna vez: Dolor de espalda crónico (lumbar)
G25b_8;1;97;97;char;[1-2]|8|9|[ ]*;Ha padecido en los últimos 12 meses: Dolor de espalda crónico (lumbar)
G25c_8;1;98;98;char;[1-2]|8|9|[ ]*;Diagnóstico médico: Dolor de espalda crónico (lumbar)
G25a_9;1;99;99;char;[1-2]|8|9;Ha padecido alguna vez: Alergia crónica, como rinitis, conjuntivitis o dermatitis alérgica, alergia alimentaria o de otro tipo (asma alérgica excluida)
G25b_9;1;100;100;char;[1-2]|8|9|[ ]*;Ha padecido en los últimos 12 meses: Alergia crónica, como rinitis, conjuntivitis o dermatitis alérgica, alergia alimentaria o de otro tipo (asma alérgica excluida)
G25c_9;1;101;101;char;[1-2]|8|9|[ ]*;Diagnóstico médico: Alergia crónica, como rinitis, conjuntivitis o dermatitis alérgica, alergia alimentaria o de otro tipo (asma alérgica excluida)
G25a_10;1;102;102;char;[1-2]|8|9;Ha padecido alguna vez: Asma (incluida asma alérgica)
G25b_10;1;103;103;char;[1-2]|8|9|[ ]*;Ha padecido en los últimos 12 meses: Asma (incluida asma alérgica)
G25c_10;1;104;104;char;[1-2]|8|9|[ ]*;Diagnóstico médico: Asma (incluida asma alérgica)
G25a_11;1;105;105;char;[1-2]|8|9;Ha padecido alguna vez: Bronquitis crónica, enfisema, enfermedad pulmonar obstructiva crónica (EPOC)
G25b_11;1;106;106;char;[1-2]|8|9|[ ]*;Ha padecido en los últimos 12 meses: Bronquitis crónica, enfisema, enfermedad pulmonar obstructiva crónica (EPOC)
G25c_11;1;107;107;char;[1-2]|8|9|[ ]*;Diagnóstico médico: Bronquitis crónica, enfisema, enfermedad pulmonar obstructiva crónica (EPOC)
G25a_12;1;108;108;char;[1-2]|8|9;Ha padecido alguna vez: Diabetes
G25b_12;1;109;109;char;[1-2]|8|9|[ ]*;Ha padecido en los últimos 12 meses: Diabetes
G25c_12;1;110;110;char;[1-2]|8|9|[ ]*;Diagnóstico médico: Diabetes
G25a_13;1;111;111;char;[1-2]|8|9;Ha padecido alguna vez: Úlcera de estómago o duodeno
G25b_13;1;112;112;char;[1-2]|8|9|[ ]*;Ha padecido en los últimos 12 meses: Úlcera de estómago o duodeno
G25c_13;1;113;113;char;[1-2]|8|9|[ ]*;Diagnóstico médico: Úlcera de estómago o duodeno
G25a_14;1;114;114;char;[1-2]|8|9;Ha padecido alguna vez: Incontinencia urinaria o problemas de control de la orina
G25b_14;1;115;115;char;[1-2]|8|9|[ ]*;Ha padecido en los últimos 12 meses: Incontinencia urinaria o problemas de control de la orina
G25c_14;1;116;116;char;[1-2]|8|9|[ ]*;Diagnóstico médico: Incontinencia urinaria o problemas de control de la orina
G25a_15;1;117;117;char;[1-2]|8|9;Ha padecido alguna vez: Colesterol alto
G25b_15;1;118;118;char;[1-2]|8|9|[ ]*;Ha padecido en los últimos 12 meses: Colesterol alto
G25c_15;1;119;119;char;[1-2]|8|9|[ ]*;Diagnóstico médico: Colesterol alto
G25a_16;1;120;120;char;[1-2]|8|9;Ha padecido alguna vez: Cataratas
G25b_16;1;121;121;char;[1-2]|8|9|[ ]*;Ha padecido en los últimos 12 meses: Cataratas
G25c_16;1;122;122;char;[1-2]|8|9|[ ]*;Diagnóstico médico: Cataratas
G25a_17;1;123;123;char;[1-2]|8|9;Ha padecido alguna vez: Problemas crónicos de piel
G25b_17;1;124;124;char;[1-2]|8|9|[ ]*;Ha padecido en los últimos 12 meses: Problemas crónicos de piel
G25c_17;1;125;125;char;[1-2]|8|9|[ ]*;Diagnóstico médico: Problemas crónicos de piel
G25a_18;1;126;126;char;[1-2]|8|9;Ha padecido alguna vez: Estreñimiento crónico
G25b_18;1;127;127;char;[1-2]|8|9|[ ]*;Ha padecido en los últimos 12 meses: Estreñimiento crónico
G25c_18;1;128;128;char;[1-2]|8|9|[ ]*;Diagnóstico médico: Estreñimiento crónico
G25a_19;1;129;129;char;[1-2]|8|9;Ha padecido alguna vez: Cirrosis, disfunción hepática
G25b_19;1;130;130;char;[1-2]|8|9|[ ]*;Ha padecido en los últimos 12 meses: Cirrosis, disfunción hepática
G25c_19;1;131;131;char;[1-2]|8|9|[ ]*;Diagnóstico médico: Cirrosis, disfunción hepática
G25a_20;1;132;132;char;[1-2]|8|9;Ha padecido alguna vez: Depresión
G25b_20;1;133;133;char;[1-2]|8|9|[ ]*;Ha padecido en los últimos 12 meses: Depresión
G25c_20;1;134;134;char;[1-2]|8|9|[ ]*;Diagnóstico médico: Depresión
G25a_21;1;135;135;char;[1-2]|8|9;Ha padecido alguna vez: Ansiedad crónica 
G25b_21;1;136;136;char;[1-2]|8|9|[ ]*;Ha padecido en los últimos 12 meses: Ansiedad crónica 
G25c_21;1;137;137;char;[1-2]|8|9|[ ]*;Diagnóstico médico: Ansiedad crónica 
G25a_22;1;138;138;char;[1-2]|8|9;Ha padecido alguna vez: Otros problemas mentales
G25b_22;1;139;139;char;[1-2]|8|9|[ ]*;Ha padecido en los últimos 12 meses: Otros problemas mentales
G25c_22;1;140;140;char;[1-2]|8|9|[ ]*;Diagnóstico médico: Otros problemas mentales
G25a_23;1;141;141;char;[1-2]|8|9;Ha padecido alguna vez: Ictus (embolia, infarto cerebral, hemorragia cerebral)
G25b_23;1;142;142;char;[1-2]|8|9|[ ]*;Ha padecido en los últimos 12 meses: Ictus (embolia, infarto cerebral, hemorragia cerebral)
G25c_23;1;143;143;char;[1-2]|8|9|[ ]*;Diagnóstico médico: Ictus (embolia, infarto cerebral, hemorragia cerebral)
G25a_24;1;144;144;char;[1-2]|8|9;Ha padecido alguna vez: Migraña o dolor de cabeza frecuente
G25b_24;1;145;145;char;[1-2]|8|9|[ ]*;Ha padecido en los últimos 12 meses: Migraña o dolor de cabeza frecuente
G25c_24;1;146;146;char;[1-2]|8|9|[ ]*;Diagnóstico médico: Migraña o dolor de cabeza frecuente
G25a_25;1;147;147;char;[1-2]|8|9;Ha padecido alguna vez: Hemorroides
G25b_25;1;148;148;char;[1-2]|8|9|[ ]*;Ha padecido en los últimos 12 meses: Hemorroides
G25c_25;1;149;149;char;[1-2]|8|9|[ ]*;Diagnóstico médico: Hemorroides
G25a_26;1;150;150;char;[1-2]|8|9;Ha padecido alguna vez: Tumores malignos
G25b_26;1;151;151;char;[1-2]|8|9|[ ]*;Ha padecido en los últimos 12 meses: Tumores malignos
G25c_26;1;152;152;char;[1-2]|8|9|[ ]*;Diagnóstico médico: Tumores malignos
G25a_27;1;153;153;char;[1-2]|8|9;Ha padecido alguna vez: Osteoporosis
G25b_27;1;154;154;char;[1-2]|8|9|[ ]*;Ha padecido en los últimos 12 meses: Osteoporosis
G25c_27;1;155;155;char;[1-2]|8|9|[ ]*;Diagnóstico médico: Osteoporosis
G25a_28;1;156;156;char;[1-2]|8|9;Ha padecido alguna vez: Problemas de tiroides
G25b_28;1;157;157;char;[1-2]|8|9|[ ]*;Ha padecido en los últimos 12 meses: Problemas de tiroides
G25c_28;1;158;158;char;[1-2]|8|9|[ ]*;Diagnóstico médico: Problemas de tiroides
G25a_29;1;159;159;char;[1-2]|8|9;Ha padecido alguna vez: Problemas de riñón
G25b_29;1;160;160;char;[1-2]|8|9|[ ]*;Ha padecido en los últimos 12 meses: Problemas de riñón
G25c_29;1;161;161;char;[1-2]|8|9|[ ]*;Diagnóstico médico: Problemas de riñón
G25a_30;1;162;162;char;[1-2]|8|9|[ ]*;Ha padecido alguna vez: Problemas de próstata (solo hombres)
G25b_30;1;163;163;char;[1-2]|8|9|[ ]*;Ha padecido en los últimos 12 meses: Problemas de próstata (solo hombres)
G25c_30;1;164;164;char;[1-2]|8|9|[ ]*;Diagnóstico médico: Problemas de próstata (solo hombres)
G25a_31;1;165;165;char;[1-2]|8|9|[ ]*;Ha padecido alguna vez: Problemas del periodo menopáusico (solo mujeres)
G25b_31;1;166;166;char;[1-2]|8|9|[ ]*;Ha padecido en los últimos 12 meses: Problemas del periodo menopáusico (solo mujeres)
G25c_31;1;167;167;char;[1-2]|8|9|[ ]*;Diagnóstico médico: Problemas del periodo menopáusico (solo mujeres)
G25a_32;1;168;168;char;[1-2]|8|9;Ha padecido alguna vez: Lesiones o defectos permanentes causados por un accidente
G25b_32;1;169;169;char;[1-2]|8|9|[ ]*;Ha padecido en los últimos 12 meses: Lesiones o defectos permanentes causados por un accidente
G25c_32;1;170;170;char;[1-2]|8|9|[ ]*;Diagnóstico médico: Lesiones o defectos permanentes causados por un accidente
H26_1;1;171;171;char;[1-2]|8|9;Ha tenido en los últimos 12 meses: Accidente de tráfico
H26_2;1;172;172;char;[1-2]|8|9;Ha tenido en los últimos 12 meses: Accidente en casa
H26_3;1;173;173;char;[1-2]|8|9;Ha tenido en los últimos 12 meses: Accidente durante su tiempo libre
H27;1;174;174;char;[1-4]|8|9|[ ]*;Intervención sanitaria debida al accidente más grave
I28_1;1;175;175;char;1|2;Restricción de la actividad habitual en las últimas dos semanas
I28_2;2;176;177;char;(0[1-9])|(1[0-4])|(98)|(99)|[ ]*;Número de días de restricción de la actividad habitual
I29_1;1;178;178;char;[1-2]|8|9;Permanencia en cama en las últimas dos semanas
I29_2;2;179;180;char;(0[1-9])|(1[0-4])|(98)|(99)|[ ]*;Número de días de permanencia en cama
K32;1;181;181;char;[1-3]|8|9;¿Utiliza gafas o lentillas?
K33;1;182;182;char;[1-4]|8|9|[ ]*;Dificultad para ver 
K34;1;183;183;char;[1-3]|8|9;¿Utiliza audífono?
K35;1;184;184;char;[1-4]|8|9|[ ]*;Dificultad para oir en un sitio tranquilo 
K36;1;185;185;char;[1-4]|8|9|[ ]*;Dificultad para oir en un sitio más ruidoso 
K37;1;186;186;char;[1-4]|8|9;Dificultad para caminar 500 metros sin ayuda
K38;1;187;187;char;[1-4]|8|9;Dificultad para subir o bajar 12 escalones
K38a;1;188;188;char;[1-4]|8|9|[ ]*;Dificultad para recordar o concentrarse
L39_1;1;189;189;char;[1-4]|8|9|[ ]*;Dificultad para actividades básicas diarias: Alimentarse sin ayuda
L39_2;1;190;190;char;[1-4]|8|9|[ ]*;Dificultad para actividades básicas diarias: Sentarse, levantarse de una silla o de una cama, acostarse sin ayuda
L39_3;1;191;191;char;[1-4]|8|9|[ ]*;Dificultad para actividades básicas diarias: Vestirse y desvestirse sin ayuda
L39_4;1;192;192;char;[1-4]|8|9|[ ]*;Dificultad para actividades básicas diarias: Ir al servicio sin ayuda
L39_5;1;193;193;char;[1-4]|8|9|[ ]*;Dificultad para actividades básicas diarias: Ducharse o bañarse sin ayuda
L40;1;194;194;char;[1-2]|8|9|[ ]*;¿Dispone habitualmente de ayuda para realizarlas?
L41;1;195;195;char;[1-2]|8|9|[ ]*;¿Necesitaría ayuda o más ayuda de la que dispone? 
L42_1;1;196;196;char;[1-5]|8|9|[ ]*;Dificultad para actividades relacionadas con el hogar: Preparar las comidas sin ayuda
L42_2;1;197;197;char;[1-5]|8|9|[ ]*;Dificultad para actividades relacionadas con el hogar: Utilizar el teléfono sin ayuda
L42_3;1;198;198;char;[1-5]|8|9|[ ]*;Dificultad para actividades relacionadas con el hogar: Realizar compras sin ayuda
L42_4;1;199;199;char;[1-5]|8|9|[ ]*;Dificultad para actividades relacionadas con el hogar: Tomar sus medicamentos sin ayuda
L42_5;1;200;200;char;[1-5]|8|9|[ ]*;Dificultad para actividades relacionadas con el hogar: Realizar tareas domésticas ligeras sin ayuda
L42_6;1;201;201;char;[1-5]|8|9|[ ]*;Dificultad para actividades relacionadas con el hogar: Realizar ocasionalmente tareas domésticas que requieren un gran esfuerzo sin ayuda
L42_7;1;202;202;char;[1-5]|8|9|[ ]*;Dificultad para actividades relacionadas con el hogar: Administrar su propio dinero sin ayuda
L43;1;203;203;char;[1-2]|8|9|[ ]*;¿Dispone habitualmente de ayuda para realizarlas?
L44;1;204;204;char;[1-2]|8|9|[ ]*;¿Necesitaría ayuda o más ayuda de la que dispone? 
L45;1;205;205;char;[1-6]|8|9;Grado de dolor padecido durante las últimas 4 semanas
L46;1;206;206;char;[1-5]|8|9;¿Hasta qué punto el dolor afectó a sus actividades cotidianas?
M47_1;1;207;207;char;[0-3]|8|9;Frecuencia en las últimas semanas: Ha podido concentrarse bien en lo que hacía
M47_2;1;208;208;char;[0-3]|8|9;Frecuencia en las últimas  semanas: Sus preocupaciones le han hecho perder mucho sueño
M47_3;1;209;209;char;[0-3]|8|9;Frecuencia en las últimas  semanas: Ha sentido que está desempeñando un papel útil en la vida
M47_4;1;210;210;char;[0-3]|8|9;Frecuencia en las últimas semanas: Se ha sentido capaz de tomar decisiones
M47_5;1;211;211;char;[0-3]|8|9;Frecuencia en las últimas  semanas: Se ha notado constantemente agobiado y en tensión
M47_6;1;212;212;char;[0-3]|8|9;Frecuencia en las últimas  semanas: Ha tenido la sensación de que no puede superar sus dificultades
M47_7;1;213;213;char;[0-3]|8|9;Frecuencia en las últimas  semanas: Ha sido capaz de disfrutar de sus actividades normales de cada día
M47_8;1;214;214;char;[0-3]|8|9;Frecuencia en las últimas semanas: Ha sido capaz de hacer frente adecuadamente a sus problemas
M47_9;1;215;215;char;[0-3]|8|9;Frecuencia en las últimas semanas: Se ha sentido poco feliz o deprimido
M47_10;1;216;216;char;[0-3]|8|9;Frecuencia en las últimas semanas: Ha perdido confianza en sí mismo
M47_11;1;217;217;char;[0-3]|8|9;Frecuencia en las últimas semanas: Ha pensado que usted es una persona que no vale para nada
M47_12;1;218;218;char;[0-3]|8|9;Frecuencia en las últimas semanas: Se siente razonablemente feliz consideranto todas las circunstancias
M47a;1;219;219;char;[1-7]|8|9|[ ]*;Condiciones en que realiza el trabajo: nivel de estrés
M47b;1;220;220;char;[1-7]|8|9|[ ]*;Condiciones en que realiza el trabajo: trabajo satisfactorio
N48;1;221;221;char;[1-4];Tiempo desde la última consulta al médico general o de familia
N49;2;222;223;char;([0-1][0-9])|(2[0-8])|(98)|(99)|[ ]*;Número de consultas a un médico general o de familia en las cuatro últimas semanas
N50;1;224;224;char;[1-4]|8|9;Tiempo desde la última consulta a un médico especialista
N51;2;225;226;char;([0-1][0-9])|(2[0-8])|(98)|(99)|[ ]*;Número de consultas a un médico especialista en las cuatro últimas semanas
N52;1;227;227;char;[1-2]|8|9|[ ]*;Último médico consultado
N53;2;228;229;char;(0[1-9])|(1[0-1])|(98)|(99)|[ ]*;Lugar de la última consulta en estas cuatro semanas
N54;1;230;230;char;[1-6]|8|9|[ ]*;Motivo principal de esta última consulta
N55_1;2;231;232;char;([0-6][0-9])|(7[0-2])|(98)|(99)|[ ]*;Tiempo en meses desde estar enfermo hasta pedir cita en esta última consulta 
N55_2;2;233;234;char;([0-2][0-9])|(30)|(98)|(99)|[ ]*;Tiempo en días desde estar enfermo hasta pedir cita en esta última consulta 
N55_3;2;235;236;char;([0-1][0-9])|(2[0-3])|(98)|(99)|[ ]*;Tiempo en horas desde estar enfermo hasta pedir cita en esta última consulta 
N56_1;2;237;238;char;([0-1][0-9])|(2[0-4])|(98)|(99)|[ ]*;Tiempo en meses desde que pidió cita hasta que fue atendido
N56_2;2;239;240;char;([0-2][0-9])|(30)|(98)|(99)|[ ]*;Tiempo en días desde que pidió cita hasta que fue atendido
N56_3;2;241;242;char;([0-1][0-9])|(2[0-3])|(98)|(99)|[ ]*;Tiempo en horas desde que pidió cita hasta que fue atendido
N57;1;243;243;char;[1-4]|8|9|[ ]*;Dependencia funcional del médico
N58_1;1;244;244;char;[1-2]|8|9;Visita durante los últimos 12 meses a: Fisioterapeuta
N58_2;1;245;245;char;[1-2]|8|9;Visita durante los últimos 12 meses a: Psicólogo, psicoterapeuta o psiquiatra
N58_3;1;246;246;char;[1-2]|8|9;Visita durante los últimos 12 meses a: Enfermero/a, matrona
N59;1;247;247;char;[1-2]|8|9;Realización de análisis en los últimos 12 meses
N60_1;1;248;248;char;[1-2]|8|9;Pruebas durante los últimos 12 meses: Radiografía
N60_2;1;249;249;char;[1-2]|8|9;Pruebas durante los últimos 12 meses: TAC o escáner
N60_3;1;250;250;char;[1-2]|8|9;Pruebas durante los últimos 12 meses: Ecografía
N60_4;1;251;251;char;[1-2]|8|9;Pruebas durante los últimos 12 meses: Resonancia magnética
N60a_1;1;252;252;char;[1-2]|8|9;Visitas durante los últimos 12 meses: Homeópata
N60a_2;1;253;253;char;[1-2]|8|9;Visitas durante los últimos 12 meses: Acupuntor
N60a_3;1;254;254;char;[1-2]|8|9;Visitas durante los últimos 12 meses: Naturista
N60a_4;1;255;255;char;[1-2]|8|9;Visitas durante los últimos 12 meses: Otro profesional de medicina alternativa (osteópata, quiropráctico...)
N61_1;1;256;256;char;[1-2]|8|9;Servicios asistenciales en los últimos 12 meses: Atención domiciliaria prestada por enfermero/a o matrona
N61_2;1;257;257;char;[1-2]|8|9;Servicios asistenciales en los últimos 12 meses: Ayuda domiciliaria para las tareas domésticas o para las personas mayores
N61_3;1;258;258;char;[1-2]|8|9|[ ]*;Servicios asistenciales en los últimos 12 meses: Comidas a domicilio para personas mayores
N61_4;1;259;259;char;[1-2]|8|9;Servicios asistenciales en los últimos 12 meses: Servicios especiales de transporte a domicilio
N61_5;1;260;260;char;[1-2]|8|9;Servicios asistenciales en los últimos 12 meses: Otros servicios de asistencia domiciliaria
N62;1;261;261;char;[1-5];Tiempo desde la última consulta al dentista, estomatólogo o higienista dental
N62b;2;262;263;char;([0-1][0-9])|(2[0-8])|(98)|(99)|[ ]*;Nº de veces que visitó al dentista, estomatólogo o higienista dental en los últimos 3 meses
N63_1;1;264;264;char;[1-2]|8|9|[ ]*;Tipo de asistencia: Revisión o chequeo
N63_2;1;265;265;char;[1-2]|8|9|[ ]*;Tipo de asistencia: Limpieza de boca
N63_3;1;266;266;char;[1-2]|8|9|[ ]*;Tipo de asistencia: Empastes (obturaciones), endodoncias 
N63_4;1;267;267;char;[1-2]|8|9|[ ]*;Tipo de asistencia: Extracción de algún diente/muela
N63_5;1;268;268;char;[1-2]|8|9|[ ]*;Tipo de asistencia: Fundas, puentes u otro tipo de prótesis
N63_6;1;269;269;char;[1-2]|8|9|[ ]*;Tipo de asistencia: Tratamiento de las enfermedades de las encías
N63_7;1;270;270;char;[1-2]|8|9|[ ]*;Tipo de asistencia: Ortodoncia
N63_8;1;271;271;char;[1-2]|8|9|[ ]*;Tipo de asistencia: Aplicación de flúor
N63_9;1;272;272;char;[1-2]|8|9|[ ]*;Tipo de asistencia: Implantes
N63_10;1;273;273;char;[1-2]|8|9|[ ]*;Tipo de asistencia: Otro tipo
N64;1;274;274;char;[1-4]|8|9|[ ]*;Dependencia funcional del dentista consultado en la última visita
N65_1;1;275;275;char;[1-2]|8|9;Estado de dientes y muelas: Tiene caries
N65_2;1;276;276;char;[1-2]|8|9;Estado de dientes y muelas: Le han extraído dientes/muelas
N65_3;1;277;277;char;[1-2]|8|9;Estado de dientes y muelas: Tiene dientes/muelas empastados (obturados)
N65_4;1;278;278;char;[1-2]|8|9;Estado de dientes y muelas: Le sangran las encías al cepillarse o espontáneamente
N65_5;1;279;279;char;[1-2]|8|9;Estado de dientes y muelas: Se le mueven los dientes/muelas
N65_6;1;280;280;char;[1-2]|8|9;Estado de dientes y muelas: Lleva fundas (coronas), puentes, otras prótesis o dentadura postiza
N65_7;1;281;281;char;[1-2]|8|9;Estado de dientes y muelas: Le faltan dientes/muelas que no han sido sustituidos por prótesis
N65_8;1;282;282;char;[1-2]|8|9;Estado de dientes y muelas: Tiene o conserva todos sus dientes/muelas naturales
O66;1;283;283;char;[1-2];Ingreso en hospital en los últimos 12 meses, excluyendo parto o cesárea 
O67;2;284;285;char;([0-7][0-9])|(8[0-9])|(98)|(99)|[ ]*;Número de veces ingresado en un hospital en los últimos 12 meses, excluyendo parto o cesárea 
O69;1;286;286;char;[1-2]|8|9|[ ]*;Ingreso en hospital en los últimos 12 meses debido a parto o cesárea
O70;3;287;289;char;([0-2][0-9]{1,2})|(3[0-5][0-9])|(36[0-5])|(998)|(999)|[ ]*;Número de días ingresado en el hospital la última vez
O71;1;290;290;char;[1-5]|8|9|[ ]*;Motivo del último ingreso en el hospital
O72;1;291;291;char;[1-2]|8|9|[ ]*;¿Estuvo en lista de espera para el último ingreso?
O73;2;292;293;char;([0-3][0-9])|(4[0-8])|(98)|(99)|[ ]*;Número de meses en lista de espera
O74;1;294;294;char;[1-5]|8|9|[ ]*;¿A cargo de quién corrieron los gastos de hospitalización?
O75;1;295;295;char;[1-2]|8|9;Ingreso en hospital de día en los últimos 12 meses
O76;3;296;298;char;([0-2][0-9]{1,2})|(3[0-5][0-9])|(36[0-5])|(998)|(999)|[ ]*;Número de ingresos en un hospital de día en los últimos 12 meses
O77;1;299;299;char;[1-3]|8|9|[ ]*;Motivo del último ingreso en un hospital de día
O78;1;300;300;char;[1-2];Utilización del servicio de urgencias en los últimos 12 meses
O79;3;301;303;char;([0-1][0-9]{1,2})|(200)|(998)|(999)|[ ]*;Número de veces que utilizó el servicio de urgencias en los últimos 12 meses
O80_1;1;304;304;char;[1-2]|8|9|[ ]*;Lugar de atención del último servicio de urgencias: Lugar donde se encontraba
O80_2;1;305;305;char;[1-2]|8|9|[ ]*;Lugar de atención del último servicio de urgencias: Unidad móvil
O80_3;1;306;306;char;[1-2]|8|9|[ ]*;Lugar de atención del último servicio de urgencias: Centro o servicio de urgencias
O81_1;2;307;308;char;([0-2][0-9])|(30)|(98)|(99)|[ ]*;Tiempo desde que se sintió enfermo hasta que pidió asistencia urgente (último servicio de urgencias utilizado): Días
O81_2;2;309;310;char;([0-1][0-9])|(2[0-3])|(98)|(99)|[ ]*;Tiempo desde que se sintió enfermo hasta que pidió asistencia urgente (último servicio de urgencias utilizado): Horas
O81_3;2;311;312;char;([0-4][0-9])|(5[0-9])|(98)|(99)|[ ]*;Tiempo desde que se sintió enfermo hasta que pidió asistencia urgente (último servicio de urgencias utilizado): Minutos
O82_1;2;313;314;char;([0-3][0-9])|(4[0-8])|(98)|(99)|[ ]*;Tiempo desde que pidió asistencia urgente hasta que fue atendido (último servicio de urgencias utilizado): Horas
O82_2;2;315;316;char;([0-4][0-9])|(5[0-9])|(98)|(99)|[ ]*;Tiempo desde que pidió asistencia urgente hasta que fue atendido (último servicio de urgencias utilizado): Minutos
O83;1;317;317;char;[1-6]|8|9|[ ]*;Tipo de servicio de urgencias utilizado la última vez
O84_1;1;318;318;char;[1-2];Modalidad de seguro sanitario: Sanidad Pública (Seguridad Social)
O84_2;1;319;319;char;[1-2];Modalidad de seguro sanitario: Mutualidades del Estado (MUFACE, ISFAS, MUGEJU) acogidas a la Seguridad Social
O84_3;1;320;320;char;[1-2];Modalidad de seguro sanitario: Mutualidades del Estado (MUFACE, ISFAS, MUGEJU) acogidas a un seguro privado
O84_4;1;321;321;char;[1-2];Modalidad de seguro sanitario: Seguro médico privado, concertado individualmente (sociedades médicas, Colegios Profesionales...)
O84_5;1;322;322;char;[1-2];Modalidad de seguro sanitario: Seguro médico concertado por la empresa
O84_6;1;323;323;char;[1-2];Modalidad de seguro sanitario: No tiene seguro médico
O84_7;1;324;324;char;[1-2];Modalidad de seguro sanitario: Otras situaciones
O84_8;1;325;325;char;[1-2];Modalidad de seguro sanitario: No sabe
O84_9;1;326;326;char;[1-2];Modalidad de seguro sanitario: No contesta
P85;1;327;327;char;[1-2];Consumo de medicamentos recetados por un médico durante las dos últimas semanas
P86;1;328;328;char;([1-2])|8|9;Consumo de medicamentos no recetados por un médico durante las dos últimas semanas
P87_1a;1;329;329;char;([1-2])|8|9|[ ]*;Medicinas para el catarro, gripe, garganta, bronquios consumidas
P87_1b;1;330;330;char;([1-2])|8|9|[ ]*;Medicinas para el catarro, gripe, garganta, bronquios recetadas
P87_2a;1;331;331;char;([1-2])|8|9|[ ]*;Medicinas para el dolor consumidas                        
P87_2b;1;332;332;char;([1-2])|8|9|[ ]*;Medicinas para el dolor recetadas                        
P87_3a;1;333;333;char;([1-2])|8|9|[ ]*;Medicinas para bajar la fiebre consumidas            
P87_3b;1;334;334;char;([1-2])|8|9|[ ]*;Medicinas para bajar la fiebre recetadas              
P87_4a;1;335;335;char;([1-2])|8|9|[ ]*;Reconstituyentes como vitaminas, minerales, tónicos consumidos
P87_4b;1;336;336;char;([1-2])|8|9|[ ]*;Reconstituyentes como vitaminas, minerales, tónicos recetados
P87_5a;1;337;337;char;([1-2])|8|9|[ ]*;Laxantes consumidos
P87_5b;1;338;338;char;([1-2])|8|9|[ ]*;Laxantes recetados
P87_6a;1;339;339;char;([1-2])|8|9|[ ]*;Antibióticos consumidos
P87_6b;1;340;340;char;([1-2])|8|9|[ ]*;Antibióticos recetados
P87_7a;1;341;341;char;([1-2])|8|9|[ ]*;Tranquilizantes, relajantes, pastillas para dormir consumidos
P87_7b;1;342;342;char;([1-2])|8|9|[ ]*;Tranquilizantes, relajantes, pastillas para dormir recetados
P87_8a;1;343;343;char;([1-2])|8|9|[ ]*;Medicamentos para la alergia consumidos
P87_8b;1;344;344;char;([1-2])|8|9|[ ]*;Medicamentos para la alergia recetados
P87_9a;1;345;345;char;([1-2])|8|9|[ ]*;Medicamentos para la diarrea consumidos
P87_9b;1;346;346;char;([1-2])|8|9|[ ]*;Medicamentos para la diarrea recetados
P87_10a;1;347;347;char;([1-2])|8|9|[ ]*;Medicinas para el reuma consumidas
P87_10b;1;348;348;char;([1-2])|8|9|[ ]*;Medicinas para el reuma recetadas
P87_11a;1;349;349;char;([1-2])|8|9|[ ]*;Medicinas para el corazón consumidas
P87_11b;1;350;350;char;([1-2])|8|9|[ ]*;Medicinas para el corazón recetadas
P87_12a;1;351;351;char;([1-2])|8|9|[ ]*;Medicinas para la tensión arterial consumidas
P87_12b;1;352;352;char;([1-2])|8|9|[ ]*;Medicinas para la tensión arterial recetadas
P87_13a;1;353;353;char;([1-2])|8|9|[ ]*;Medicinas para el estómago y/o las alteraciones digestivas consumidas
P87_13b;1;354;354;char;([1-2])|8|9|[ ]*;Medicinas para el estómago y/o las alteraciones digestivas recetadas
P87_14a;1;355;355;char;([1-2])|8|9|[ ]*;Antidepresivos, estimulantes consumidos
P87_14b;1;356;356;char;([1-2])|8|9|[ ]*;Antidepresivos, estimulantes recetados
P87_15a;1;357;357;char;([1-2])|8|9|[ ]*;Píldoras para no quedar embarazada consumidas
P87_15b;1;358;358;char;([1-2])|8|9|[ ]*;Píldoras para no quedar embarazada recetadas
P87_16a;1;359;359;char;([1-2])|8|9|[ ]*;Hormonas para la menopausia consumidas
P87_16b;1;360;360;char;([1-2])|8|9|[ ]*;Hormonas para la menopausia recetadas  
P87_17a;1;361;361;char;([1-2])|8|9|[ ]*;Medicamentos para adelgazar consumidos
P87_17b;1;362;362;char;([1-2])|8|9|[ ]*;Medicamentos para adelgazar recetados
P87_18a;1;363;363;char;([1-2])|8|9|[ ]*;Medicamentos para bajar el colesterol consumidos
P87_18b;1;364;364;char;([1-2])|8|9|[ ]*;Medicamentos para bajar el colesterol recetados
P87_19a;1;365;365;char;([1-2])|8|9|[ ]*;Medicamentos para la diabetes consumidos
P87_19b;1;366;366;char;([1-2])|8|9|[ ]*;Medicamentos para la diabetes recetados
P87_20a;1;367;367;char;([1-2])|8|9|[ ]*;Medicamentos para el tiroides consumidos
P87_20b;1;368;368;char;([1-2])|8|9|[ ]*;Medicamentos para el tiroides recetados
P87_21a;1;369;369;char;([1-2])|8|9|[ ]*;Productos homeopáticos consumidos
P87_21b;1;370;370;char;([1-2])|8|9|[ ]*;Productos homeopáticos recetados
P87_22a;1;371;371;char;([1-2])|8|9|[ ]*;Productos naturistas consumidos
P87_22b;1;372;372;char;([1-2])|8|9|[ ]*;Productos naturistas recetados
P87_23a;1;373;373;char;([1-2])|8|9|[ ]*;Otros medicamentos consumidos
P87_23b;1;374;374;char;([1-2])|8|9|[ ]*;Otros medicamentos recetados
Q88;1;375;375;char;[1-2];Vacunación de la gripe en la última campaña
Q89;1;376;376;char;[1-2]|8|9;Toma de tensión arterial alguna vez por un profesional sanitario
Q90;1;377;377;char;[1-5]|8|9|[ ]*;Tiempo que hace de la última toma de tensión arterial
Q91;1;378;378;char;[1-2]|8|9;Medición del nivel de colesterol en sangre
Q92;1;379;379;char;[1-4]|8|9|[ ]*;Tiempo que hace de la última medición de colesterol
Q93;1;380;380;char;[1-2]|8|9;Medición del nivel de azúcar en sangre por un profesional sanitario
Q94;1;381;381;char;[1-4]|8|9|[ ]*;Tiempo que hace de la última medición de azúcar en sangre
Q95;1;382;382;char;[1-2]|8|9;¿Alguna vez le han hecho una prueba de sangre oculta en heces?
Q96;1;383;383;char;[1-5]|8|9|[ ]*;Tiempo que hace de la última prueba de sangre oculta en heces
Q97;1;384;384;char;[1-4]|8|9|[ ]*;Principal razón de la última prueba de sangre oculta en heces
Q98;1;385;385;char;[1-2]|8|9;¿Le han realizado alguna vez una colonoscopia?
Q99;1;386;386;char;[1-4]|8|9|[ ]*;Tiempo que hace de la última colonoscopia
Q100;1;387;387;char;[1-2]|8|9|[ ]*;¿Alguna vez le han hecho una mamografía?
Q101;1;388;388;char;[1-4]|8|9|[ ]*;Tiempo que hace de la última mamografía
Q102;1;389;389;char;[1-4]|8|9|[ ]*;Principal razón de la última mamografía
Q103;1;390;390;char;[1-2]|8|9|[ ]*;¿Alguna vez le han hecho una citología vaginal?
Q104;1;391;391;char;[1-5]|8|9|[ ]*;Tiempo que hace de la última citología
Q105;1;392;392;char;[1-4]|8|9|[ ]*;Principal razón de la última citología
R106;1;393;393;char;[1-3]|8|9;Falta de asistencia médica debido a listas de espera en los últimos 12 meses
R107;1;394;394;char;[1-3]|8|9;Falta de asistencia médica debido a problemas de transporte en los últimos 12 meses
R108_1;1;395;395;char;[1-3]|8|9;Falta de atención sanitaria debido a problemas económicos en los últimos 12 meses: Atención médica
R108_2;1;396;396;char;[1-3]|8|9;Falta de atención sanitaria debido a problemas económicos en los últimos 12 meses: Atención dental
R108_3;1;397;397;char;[1-3]|8|9;Falta de atención sanitaria debido a problemas económicos en los últimos 12 meses: Algún medicamento que le habían recetado
R108_4;1;398;398;char;[1-3]|8|9;Falta de atención sanitaria debido a problemas económicos en los últimos 12 meses: Atención de salud mental
S109;3;399;401;char;(0[5-9][0-9])|(1[0-9]{2})|(2[0-1][0-9])|(220)|998|999;Altura en cm
S110;3;402;404;char;(0[0-1][0-9])|(0*2[5-9])|(0*[3-9][0-9])|(1[0-7][0-9])|(180)|998|999;Peso en kg
T111;1;405;405;char;[1-5]|8|9;Tipo de actividad física que realiza en la actividad principal
T112;1;406;406;char;[1-4]|8|9;Frecuencia con la que realiza alguna actividad física en su tiempo libre
T113;1;407;407;char;[1-7]|8|9|[ ]*;Últimos 7 días: Nº de días de actividades físicas intensas
T114_1;2;408;409;char;([0-1][0-9])|(2[0-3])|(98)|(99)|[ ]*;Tiempo al día dedicado a actividades físicas intensas: Horas por día
T114_2;2;410;411;char;([0-5][0-9])|(98)|(99)|[ ]*;Tiempo al día dedicado a actividades físicas intensas: Minutos por día
T115;1;412;412;char;[1-7]|8|9|[ ]*;Últimos 7 días: Nº de días de actividades físicas moderadas
T116_1;2;413;414;char;([0-1][0-9])|(2[0-3])|(98)|(99)|[ ]*;Tiempo al día dedicado a actividades físicas moderadas: Horas por día
T116_2;2;415;416;char;([0-5][0-9])|(98)|(99)|[ ]*;Tiempo al día dedicado a actividades físicas moderadas: Minutos por día
T117;1;417;417;char;[1-7]|8|9|[ ]*;Últimos 7 días: Tiempo dedicado a caminar (por lo menos durante 10min seguidos)
T118_1;2;418;419;char;([0-1][0-9])|(2[0-3])|(98)|(99)|[ ]*;Últimos 7 días: Tiempo dedicado a caminar en un día normal (Horas por día)
T118_2;2;420;421;char;([0-5][0-9])|(98)|(99)|[ ]*;Últimos 7 días: Tiempo dedicado a caminar en un día normal (Minutos por día)
T119_1;2;422;423;char;([0-1][0-9])|(2[0-3])|(98)|(99)|[ ]*;Últimos 7 días: Tiempo sentado en un día normal (Horas por día)
T119_2;2;424;425;char;([0-5][0-9])|(98)|(99)|[ ]*;Últimos 7 días: Tiempo sentado en un día normal (Minutos por día)
U120_1;1;426;426;char;[1-6]|8|9;Frecuencia de consumo de fruta fresca (excluyendo zumos)
U120_1a;2;427;428;char;(0[1-9])|(10)|(98)|(99)|[ ]*;Consumo de fruta fresca (excluyendo zumos): Cantidad
U120_2;1;429;429;char;[1-6]|8|9;Frecuencia de consumo de carne (pollo, ternera, cerdo, cordero, etc.)
U120_3;1;430;430;char;[1-6]|8|9;Frecuencia de consumo de huevos 
U120_4;1;431;431;char;[1-6]|8|9;Frecuencia de consumo de pescado
U120_5;1;432;432;char;[1-6]|8|9;Frecuencia de consumo de pasta, arroz, patatas
U120_6;1;433;433;char;[1-6]|8|9;Frecuencia de consumo de pan, cereales  
U120_7;1;434;434;char;[1-6]|8|9;Frecuencia de consumo de verduras, ensaladas y hortalizas
U120_7a;2;435;436;char;(0[1-9])|(10)|(98)|(99)|[ ]*;Consumo de verduras, ensaladas y hortalizas: Cantidad
U120_8;1;437;437;char;[1-6]|8|9;Frecuencia de consumo de legumbres
U120_9;1;438;438;char;[1-6]|8|9;Frecuencia de consumo de embutidos y fiambres
U120_10;1;439;439;char;[1-6]|8|9;Frecuencia de consumo de productos lácteos (leche, queso, yogur)
U120_11;1;440;440;char;[1-6]|8|9;Frecuencia de consumo de dulces (galletas, bollería, mermeladas, etc.)
U120_12;1;441;441;char;[1-6]|8|9;Frecuencia de consumo de refrescos con azúcar 
U120_13;1;442;442;char;[1-6]|8|9;Frecuencia de consumo de comida rápida (pollo frito, bocadillos, pizzas, hamburguesas)
U120_14;1;443;443;char;[1-6]|8|9;Frecuencia de consumo de aperitivos o comidas saladas de picar (patatas fritas, ganchitos, galletitas saladas)
U120_15;1;444;444;char;[1-6]|8|9;Frecuencia de consumo de zumo natural de frutas o verduras
U120_15a;2;445;446;char;(0[1-9])|(10)|(98)|(99)|[ ]*;Consumo de zumo natural de frutas o verduras: Cantidad
U120FZ;1;447;447;char;[1-2]|8|9|[ ]*;Frecuencia diaria de consumo de fruta fresca o zumos naturales
U120CANTFZ;2;448;449;char;(0[1-9])|(10)|(98)|(99)|[ ]*;Consumo de fruta fresca o zumo natural de frutas o verduras: Cantidad
U2_120F;1;450;450;char;[1-5]|8|9;Frecuencia diaria: Cepillado de dientes 
V121;1;451;451;char;[1-4]|8|9;¿Fuma actualmente?
V122;1;452;452;char;[1-4]|8|9|[ ]*;Tipo de tabaco que fuma con mayor frecuencia
V123;2;453;454;char;(0[1-9])|([1-8][0-9])|(90)|(98)|(99)|[ ]*;Fumadores a diario: Número de cigarrillos que fuma al día
V124;2;455;456;char;(0[6-9])|([1-8][0-9])|(90)|(98)|(99)|[ ]*;Fumadores a diario: Edad en que comenzó a fumar
V125;1;457;457;char;([0-5])|8|9|[ ]*;Fumadores a diario: Intentos de dejar de fumar en los últimos 12 meses
V126;1;458;458;char;[1-4]|8|9;Frecuencia de exposición a ambientes de humo en lugares cerrados
W127;2;459;460;char;(0[1-9])|98|99|[ ]*;Frecuencia de consumo de alcohol en los últimos 12 meses
W128Cer;1;461;461;char;[1-2]|8|9|[ ]*;Consumo de cerveza con alcohol
W128Cer_1;2;462;463;char;([0-4][0-9])|(50)|(98)|(99)|[ ]*;Consumo de cerveza con alcohol: Lunes
W128Cer_2;2;464;465;char;([0-4][0-9])|(50)|(98)|(99)|[ ]*;Consumo de cerveza con alcohol: Martes
W128Cer_3;2;466;467;char;([0-4][0-9])|(50)|(98)|(99)|[ ]*;Consumo de cerveza con alcohol: Miércoles
W128Cer_4;2;468;469;char;([0-4][0-9])|(50)|(98)|(99)|[ ]*;Consumo de cerveza con alcohol: Jueves
W128Cer_5;2;470;471;char;([0-4][0-9])|(50)|(98)|(99)|[ ]*;Consumo de cerveza con alcohol: Viernes
W128Cer_6;2;472;473;char;([0-4][0-9])|(50)|(98)|(99)|[ ]*;Consumo de cerveza con alcohol: Sábado 
W128Cer_7;2;474;475;char;([0-4][0-9])|(50)|(98)|(99)|[ ]*;Consumo de cerveza con alcohol: Domingo
W128Vin;1;476;476;char;[1-2]|8|9|[ ]*;Consumo de vinos, cava
W128Vin_1;2;477;478;char;([0-4][0-9])|(50)|(98)|(99)|[ ]*;Consumo de vinos, cava: Lunes
W128Vin_2;2;479;480;char;([0-4][0-9])|(50)|(98)|(99)|[ ]*;Consumo de vinos, cava: Martes
W128Vin_3;2;481;482;char;([0-4][0-9])|(50)|(98)|(99)|[ ]*;Consumo de vinos, cava: Miércoles
W128Vin_4;2;483;484;char;([0-4][0-9])|(50)|(98)|(99)|[ ]*;Consumo de vinos, cava: Jueves
W128Vin_5;2;485;486;char;([0-4][0-9])|(50)|(98)|(99)|[ ]*;Consumo de vinos, cava: Viernes
W128Vin_6;2;487;488;char;([0-4][0-9])|(50)|(98)|(99)|[ ]*;Consumo de vinos, cava: Sábado
W128Vin_7;2;489;490;char;([0-4][0-9])|(50)|(98)|(99)|[ ]*;Consumo de vinos, cava: Domingo
W128Vermut;1;491;491;char;[1-2]|8|9|[ ]*;Consumo de vermuts, fino, jerez
W128Vermut_1;2;492;493;char;([0-2][0-9])|(30)|(98)|(99)|[ ]*;Consumo de vermuts, fino, jerez: Lunes
W128Vermut_2;2;494;495;char;([0-2][0-9])|(30)|(98)|(99)|[ ]*;Consumo de vermuts, fino, jerez: Martes
W128Vermut_3;2;496;497;char;([0-2][0-9])|(30)|(98)|(99)|[ ]*;Consumo de vermuts, fino, jerez: Miércoles
W128Vermut_4;2;498;499;char;([0-2][0-9])|(30)|(98)|(99)|[ ]*;Consumo de vermuts, fino, jerez: Jueves
W128Vermut_5;2;500;501;char;([0-2][0-9])|(30)|(98)|(99)|[ ]*;Consumo de vermuts, fino, jerez: Viernes
W128Vermut_6;2;502;503;char;([0-2][0-9])|(30)|(98)|(99)|[ ]*;Consumo de vermuts, fino, jerez: Sábado
W128Vermut_7;2;504;505;char;([0-2][0-9])|(30)|(98)|(99)|[ ]*;Consumo de vermuts, fino, jerez: Domingo
W128Lic;1;506;506;char;[1-2]|8|9|[ ]*;Consumo de licores, anís, pacharán
W128Lic_1;2;507;508;char;([0-2][0-9])|(30)|(98)|(99)|[ ]*;Consumo de licores, anís, pacharán: Lunes
W128Lic_2;2;509;510;char;([0-2][0-9])|(30)|(98)|(99)|[ ]*;Consumo de licores, anís, pacharán: Martes
W128Lic_3;2;511;512;char;([0-2][0-9])|(30)|(98)|(99)|[ ]*;Consumo de licores, anís, pacharán: Miércoles
W128Lic_4;2;513;514;char;([0-2][0-9])|(30)|(98)|(99)|[ ]*;Consumo de licores, anís, pacharán: Jueves
W128Lic_5;2;515;516;char;([0-2][0-9])|(30)|(98)|(99)|[ ]*;Consumo de licores, anís, pacharán: Viernes
W128Lic_6;2;517;518;char;([0-2][0-9])|(30)|(98)|(99)|[ ]*;Consumo de licores, anís, pacharán: Sábado
W128Lic_7;2;519;520;char;([0-2][0-9])|(30)|(98)|(99)|[ ]*;Consumo de licores, anís, pacharán: Domingo
W128Comb;1;521;521;char;[1-2]|8|9|[ ]*;Consumo de combinados, bebidas destiladas
W128Comb_1;2;522;523;char;([0-2][0-9])|(30)|(98)|(99)|[ ]*;Consumo de combinados, bebidas destiladas: Lunes
W128Comb_2;2;524;525;char;([0-2][0-9])|(30)|(98)|(99)|[ ]*;Consumo de combinados, bebidas destiladas: Martes
W128Comb_3;2;526;527;char;([0-2][0-9])|(30)|(98)|(99)|[ ]*;Consumo de combinados, bebidas destiladas: Miércoles
W128Comb_4;2;528;529;char;([0-2][0-9])|(30)|(98)|(99)|[ ]*;Consumo de combinados, bebidas destiladas: Jueves
W128Comb_5;2;530;531;char;([0-2][0-9])|(30)|(98)|(99)|[ ]*;Consumo de combinados, bebidas destiladas: Viernes
W128Comb_6;2;532;533;char;([0-2][0-9])|(30)|(98)|(99)|[ ]*;Consumo de combinados, bebidas destiladas: Sábado
W128Comb_7;2;534;535;char;([0-2][0-9])|(30)|(98)|(99)|[ ]*;Consumo de combinados, bebidas destiladas: Domingo
W128Sidra;1;536;536;char;[1-2]|8|9|[ ]*;Consumo de bebidas locales, sidra, carajillo
W128Sidra_1;2;537;538;char;([0-2][0-9])|(30)|(98)|(99)|[ ]*;Consumo de bebidas locales, sidra, carajillo: Lunes
W128Sidra_2;2;539;540;char;([0-2][0-9])|(30)|(98)|(99)|[ ]*;Consumo de bebidas locales, sidra, carajillo: Martes
W128Sidra_3;2;541;542;char;([0-2][0-9])|(30)|(98)|(99)|[ ]*;Consumo de bebidas locales, sidra, carajillo: Miércoles
W128Sidra_4;2;543;544;char;([0-2][0-9])|(30)|(98)|(99)|[ ]*;Consumo de bebidas locales, sidra, carajillo: Jueves
W128Sidra_5;2;545;546;char;([0-2][0-9])|(30)|(98)|(99)|[ ]*;Consumo de bebidas locales, sidra, carajillo: Viernes
W128Sidra_6;2;547;548;char;([0-2][0-9])|(30)|(98)|(99)|[ ]*;Consumo de bebidas locales, sidra, carajillo: Sábado
W128Sidra_7;2;549;550;char;([0-2][0-9])|(30)|(98)|(99)|[ ]*;Consumo de bebidas locales, sidra, carajillo: Domingo
W129;2;551;552;char;(0[1-9])|(98)|(99)|[ ]*;Frecuencia de consumo de 5-6 o más bebidas alcohólicas estándar en una misma ocasión durante los últimos 12 meses 
X130_1;1;553;553;char;[1-5]|8|9;Situaciones de apoyo afectivo y personal en la vida diaria: Visitas de mis amigos y familiares
X130_2;1;554;554;char;[1-5]|8|9;Situaciones de apoyo afectivo y personal en la vida diaria: Ayuda en asuntos relacionados con la casa
X130_3;1;555;555;char;[1-5]|8|9;Situaciones de apoyo afectivo y personal en la vida diaria: Elogios y reconocimientos al hacer bien el trabajo
X130_4;1;556;556;char;[1-5]|8|9;Situaciones de apoyo afectivo y personal en la vida diaria: Contar con personas que se preocupan de lo que le sucede
X130_5;1;557;557;char;[1-5]|8|9;Situaciones de apoyo afectivo y personal en la vida diaria: Recibir amor y afecto
X130_6;1;558;558;char;[1-5]|8|9;Situaciones de apoyo afectivo y personal en la vida diaria: Tener la posibilidad de hablar con alguien de sus problemas en el trabajo o en la casa
X130_7;1;559;559;char;[1-5]|8|9;Situaciones de apoyo afectivo y personal en la vida diaria: Tener la posibilidad de hablar con alguien de sus problemas personales y familiares
X130_8;1;560;560;char;[1-5]|8|9;Situaciones de apoyo afectivo y personal en la vida diaria: Tener la posibilidad de hablar con alguien de sus problemas económicos
X130_9;1;561;561;char;[1-5]|8|9;Situaciones de apoyo afectivo y personal en la vida diaria: Recibir invitaciones para distraerse y salir con otras personas
X130_10;1;562;562;char;[1-5]|8|9;Situaciones de apoyo afectivo y personal en la vida diaria: Recibir consejos útiles cuando le ocurre algún acontecimiento importante en su vida
X130_11;1;563;563;char;[1-5]|8|9;Situaciones de apoyo afectivo y personal en la vida diaria: Recibir ayuda cuando está enfermo en la cama
Y133;1;564;564;char;[1-2]|8|9;Cuidado de personas mayores o de alguien que tenga una dolencia crónica al menos una vez a la semana
Y134;1;565;565;char;[1-2]|8|9|[ ]*;Cuidado de personas: Parentesco con el cuidador
Y135;1;566;566;char;[1-3]|8|9|[ ]*;Cuidado de personas: Horas a la semana dedicadas en total
FACTORADULTO;11;567;577;num;[0-9]{1,6}\.[0-9]{1,4};Factor de elevación del adulto (4 decimales)
CLASE_PR;1;578;578;char;[1-6]|9;Variable derivada: Clase social basada en la ocupación de la persona de referencia
IMCa;1;579;579;char;[1-4]|9;Variable derivada: Índice de masa corporal (IMC) del adulto
CMD1;5;580;584;num;[0-9]{1,5};Variable derivada: Consumo medio diario de alcohol semanal (lunes a domingo)
CMD2;5;585;589;num;[0-9]{1,5};Variable derivada: Consumo medio diario de alcohol entre semana (lunes a jueves)
CMD3;5;590;594;num;[0-9]{1,5};Variable derivada: Consumo medio diario de alcohol en fin de semana (viernes a domingo)
